-- phpMyAdmin SQL Dump
-- version 5.2.1
-- https://www.phpmyadmin.net/
--
-- Servidor: 127.0.0.1
-- Tiempo de generación: 06-10-2023 a las 23:23:35
-- Versión del servidor: 10.4.28-MariaDB
-- Versión de PHP: 8.2.4

SET SQL_MODE = "NO_AUTO_VALUE_ON_ZERO";
START TRANSACTION;
SET time_zone = "+00:00";


/*!40101 SET @OLD_CHARACTER_SET_CLIENT=@@CHARACTER_SET_CLIENT */;
/*!40101 SET @OLD_CHARACTER_SET_RESULTS=@@CHARACTER_SET_RESULTS */;
/*!40101 SET @OLD_COLLATION_CONNECTION=@@COLLATION_CONNECTION */;
/*!40101 SET NAMES utf8mb4 */;

--
-- Base de datos: `provemax`
--
CREATE DATABASE IF NOT EXISTS `provemax` DEFAULT CHARACTER SET utf8mb4 COLLATE utf8mb4_general_ci;
USE `provemax`;

-- --------------------------------------------------------

--
-- Estructura de tabla para la tabla `compra`
--

CREATE TABLE `compra` (
  `idCompra` int(11) NOT NULL,
  `idProveedor` int(11) NOT NULL,
  `fecha` date NOT NULL
) ENGINE=InnoDB DEFAULT CHARSET=utf8mb4 COLLATE=utf8mb4_general_ci;

--
-- Volcado de datos para la tabla `compra`
--

INSERT INTO `compra` (`idCompra`, `idProveedor`, `fecha`) VALUES
(1, 1, '2023-10-03'),
(2, 3, '2023-10-04');

-- --------------------------------------------------------

--
-- Estructura de tabla para la tabla `detallecompra`
--

CREATE TABLE `detallecompra` (
  `idDetalle` int(11) NOT NULL,
  `cantidad` int(11) NOT NULL,
  `precioCosto` double NOT NULL,
  `idCompra` int(11) NOT NULL,
  `idProducto` int(11) NOT NULL
) ENGINE=InnoDB DEFAULT CHARSET=utf8mb4 COLLATE=utf8mb4_general_ci;

--
-- Volcado de datos para la tabla `detallecompra`
--

INSERT INTO `detallecompra` (`idDetalle`, `cantidad`, `precioCosto`, `idCompra`, `idProducto`) VALUES
(2, 100, 9323412.53, 1, 4),
(3, 80, 2000000.9, 2, 5),
(4, 80, 499000.99, 2, 6),
(5, 85, 519999.99, 2, 7);

-- --------------------------------------------------------

--
-- Estructura de tabla para la tabla `producto`
--

CREATE TABLE `producto` (
  `idProducto` int(11) NOT NULL,
  `nombreProducto` varchar(30) NOT NULL,
  `descripcion` varchar(50) NOT NULL,
  `precioActual` double NOT NULL,
  `stock` int(11) NOT NULL,
  `estado` tinyint(4) NOT NULL
) ENGINE=InnoDB DEFAULT CHARSET=utf8mb4 COLLATE=utf8mb4_general_ci;

--
-- Volcado de datos para la tabla `producto`
--

INSERT INTO `producto` (`idProducto`, `nombreProducto`, `descripcion`, `precioActual`, `stock`, `estado`) VALUES
(4, 'Samsung Smart TV 50', 'TV Smart 50 pulgadas Android SO', 99000.55, 400, 1),
(5, 'Notebook Lenovo', 'Lenovo Core i7 16Gb DDR4 SSD128', 379999.99, 100, 1),
(6, 'Notebook ASUS', 'ASUS Ryzen5 32Gb DDR4 SSD128', 499000.99, 80, 1),
(7, 'Notebook Samsung', 'Core i5 16Gb DDR4 SSD128', 519999.99, 85, 1),
(8, 'heladera lg', 'heladera gris 50 L', 2222, 111, 1),
(9, 'lavarropas samsung', 'lavarropas 900rpm 7.3L', 3333, 22, 1);

-- --------------------------------------------------------

--
-- Estructura de tabla para la tabla `proveedor`
--

CREATE TABLE `proveedor` (
  `idProveedor` int(11) NOT NULL,
  `razonSocial` varchar(30) NOT NULL,
  `domicilio` varchar(30) NOT NULL,
  `telefono` varchar(10) NOT NULL
) ENGINE=InnoDB DEFAULT CHARSET=utf8mb4 COLLATE=utf8mb4_general_ci;

--
-- Volcado de datos para la tabla `proveedor`
--

INSERT INTO `proveedor` (`idProveedor`, `razonSocial`, `domicilio`, `telefono`) VALUES
(1, 'Fábrica TV', 'Av Rivadavia 2345', '1155557776'),
(3, 'Compu SA', 'Medrano 88', '1122223333');

--
-- Índices para tablas volcadas
--

--
-- Indices de la tabla `compra`
--
ALTER TABLE `compra`
  ADD PRIMARY KEY (`idCompra`),
  ADD KEY `idProveedor` (`idProveedor`);

--
-- Indices de la tabla `detallecompra`
--
ALTER TABLE `detallecompra`
  ADD PRIMARY KEY (`idDetalle`),
  ADD KEY `idCompra` (`idCompra`),
  ADD KEY `idProducto` (`idProducto`);

--
-- Indices de la tabla `producto`
--
ALTER TABLE `producto`
  ADD PRIMARY KEY (`idProducto`);

--
-- Indices de la tabla `proveedor`
--
ALTER TABLE `proveedor`
  ADD PRIMARY KEY (`idProveedor`);

--
-- AUTO_INCREMENT de las tablas volcadas
--

--
-- AUTO_INCREMENT de la tabla `compra`
--
ALTER TABLE `compra`
  MODIFY `idCompra` int(11) NOT NULL AUTO_INCREMENT, AUTO_INCREMENT=3;

--
-- AUTO_INCREMENT de la tabla `detallecompra`
--
ALTER TABLE `detallecompra`
  MODIFY `idDetalle` int(11) NOT NULL AUTO_INCREMENT, AUTO_INCREMENT=6;

--
-- AUTO_INCREMENT de la tabla `producto`
--
ALTER TABLE `producto`
  MODIFY `idProducto` int(11) NOT NULL AUTO_INCREMENT, AUTO_INCREMENT=13;

--
-- AUTO_INCREMENT de la tabla `proveedor`
--
ALTER TABLE `proveedor`
  MODIFY `idProveedor` int(11) NOT NULL AUTO_INCREMENT, AUTO_INCREMENT=4;

--
-- Restricciones para tablas volcadas
--

--
-- Filtros para la tabla `compra`
--
ALTER TABLE `compra`
  ADD CONSTRAINT `compra_ibfk_1` FOREIGN KEY (`idProveedor`) REFERENCES `proveedor` (`idProveedor`);

--
-- Filtros para la tabla `detallecompra`
--
ALTER TABLE `detallecompra`
  ADD CONSTRAINT `detallecompra_ibfk_1` FOREIGN KEY (`idCompra`) REFERENCES `compra` (`idCompra`),
  ADD CONSTRAINT `detallecompra_ibfk_2` FOREIGN KEY (`idProducto`) REFERENCES `producto` (`idProducto`);
COMMIT;

/*!40101 SET CHARACTER_SET_CLIENT=@OLD_CHARACTER_SET_CLIENT */;
/*!40101 SET CHARACTER_SET_RESULTS=@OLD_CHARACTER_SET_RESULTS */;
/*!40101 SET COLLATION_CONNECTION=@OLD_COLLATION_CONNECTION */;
